{
    "Modules": {
        "...MASTER...": {
            "nQuads": 0,
            "start_perf": [
                0.30192685127258301,
                0.088398000000000004,
                0.032153000000000001,
                312660,
                325672,
                1697583139.185648,
                3662300936454067
            ],
            "child_modules": {
                "dac_tb": 1,
                "std": 1
            },
            "end_perf": [
                0.32023096084594727,
                0.090471999999999997,
                0.032598000000000002,
                314196,
                325672,
                3662300973050143,
                0,
                0
            ],
            "nMops": 0,
            "nRouts": 5
        },
        "std": {
            "nQuads": 218,
            "start_perf": [
                0.32034182548522949,
                0.090553999999999996,
                0.032627999999999997,
                314196,
                325672,
                1697583139.2040629,
                3662300973220475
            ],
            "Compiled": "Yes",
            "svclass": [
                "$vcs_nba_dyn_obj",
                0,
                35,
                2,
                2,
                0,
                0,
                "sigprop$$",
                0,
                35,
                2,
                2,
                0,
                0,
                "process",
                0,
                200,
                8,
                8,
                0,
                0,
                "event",
                0,
                34,
                2,
                2,
                0,
                0,
                "mailbox",
                0,
                140,
                9,
                9,
                0,
                0,
                "semaphore",
                0,
                84,
                5,
                5,
                0,
                0
            ],
            "child_modules": {},
            "Compiled Times": 31,
            "num_classes": 6,
            "end_perf": [
                0.3380129337310791,
                0.094677999999999998,
                0.032999000000000001,
                314352,
                325672,
                3662301008557555,
                0,
                0
            ],
            "nMops": 528,
            "nRouts": 33
        },
        "dac_tb": {
            "nQuads": 963,
            "start_perf": [
                0.33808684349060059,
                0.094733999999999999,
                0.033019,
                314352,
                325672,
                1697583139.221808,
                3662301008655105
            ],
            "Compiled": "Yes",
            "child_modules": {},
            "Compiled Times": 6,
            "end_perf": [
                0.37558078765869141,
                0.119771,
                0.033850999999999999,
                320688,
                325672,
                3662301083522709,
                17189583357,
                0
            ],
            "nMops": 2092,
            "nRouts": 98
        }
    },
    "reusePaths": {
        "reYIK_d": {
            "icPath": "csrc"
        },
        "amcQw_d": {
            "icPath": "csrc"
        }
    },
    "CompUnits": {
        "WHwG1_d": {
            "mod": "dac_tb",
            "mode": 4,
            "out": "WHwG1_d.o",
            "bytes": 56560,
            "text": 18679,
            "checksum": 0,
            "archive": "archive.30/_1023304_archive_1.a"
        }
    },
    "stat": {
        "peak_mem_kb": 325672,
        "ru_self_end": {
            "ru_utime_sec": 0.12217,
            "ru_maxrss_kb": 127832,
            "ru_stime_sec": 0.034979000000000003,
            "ru_minflt": 9325,
            "ru_majflt": 0,
            "ru_nvcsw": 445,
            "ru_nivcsw": 14
        },
        "ru_childs_end": {
            "ru_utime_sec": 0.016985,
            "ru_maxrss_kb": 118672,
            "ru_stime_sec": 0.0088249999999999995,
            "ru_minflt": 3992,
            "ru_majflt": 0,
            "ru_nvcsw": 26,
            "ru_nivcsw": 2
        },
        "cpu_cycles_end": 3662301127056373
    },
    "ObjArchives": [
        {
            "objects": [
                [
                    "WHwG1_d.o",
                    56560
                ],
                [
                    "amcQwB.o",
                    102658
                ]
            ],
            "archive": "archive.30/_1023304_archive_1.a",
            "size": 159218
        }
    ]
}