{
    "cpu_cycles_pass2_start": 106531742362709,
    "CompileProcesses": [
        "cgproc.44844.json"
    ],
    "cycles_program_begin": 106531169409277,
    "PEModules": [],
    "perf": [
        {
            "stat": [
                "main",
                "entry",
                0.01502680778503418,
                0.025873,
                0.013483,
                213568,
                213568,
                0.0,
                0.0,
                1698262838.0991199,
                106531169498855
            ],
            "sub": [
                {
                    "stat": [
                        "doParsingAndDesignResolution",
                        "entry",
                        0.080331802368164062,
                        0.044875999999999999,
                        0.016809000000000001,
                        309256,
                        309924,
                        0.0,
                        0.0,
                        1698262838.1644249,
                        106531300000121
                    ],
                    "sub": []
                },
                {
                    "stat": [
                        "doParsingAndDesignResolution",
                        "exit",
                        0.10401487350463867,
                        0.052991000000000003,
                        0.021477,
                        310192,
                        310840,
                        0.0,
                        0.0,
                        1698262838.188108,
                        106531347275221
                    ],
                    "sub": []
                },
                {
                    "stat": [
                        "doPostDesignResolutionToVir2Vcs",
                        "entry",
                        0.11064386367797852,
                        0.052991000000000003,
                        0.022773999999999999,
                        310364,
                        310840,
                        0.0,
                        0.0,
                        1698262838.194737,
                        106531360476597
                    ],
                    "sub": [
                        {
                            "stat": [
                                "doUptoVir2VcsNoSepCleanup",
                                "entry",
                                0.14551496505737305,
                                0.057015000000000003,
                                0.026477000000000001,
                                311332,
                                311332,
                                0.0,
                                0.0,
                                1698262838.2296081,
                                106531430083157
                            ],
                            "sub": []
                        },
                        {
                            "stat": [
                                "doUptoVir2VcsNoSepCleanup",
                                "exit",
                                0.23991894721984863,
                                0.076949000000000004,
                                0.032003999999999998,
                                312804,
                                325140,
                                0.0,
                                0.0,
                                1698262838.324012,
                                106531618651295
                            ],
                            "sub": []
                        },
                        {
                            "stat": [
                                "doRadify_vir2vcsAll",
                                "entry",
                                0.24001097679138184,
                                0.077015,
                                0.032030999999999997,
                                312804,
                                325140,
                                0.0,
                                0.0,
                                1698262838.3241041,
                                106531618733065
                            ],
                            "sub": []
                        },
                        {
                            "stat": [
                                "doRadify_vir2vcsAll",
                                "exit",
                                0.25288796424865723,
                                0.081964999999999996,
                                0.033008999999999997,
                                313700,
                                325140,
                                0.0,
                                0.0,
                                1698262838.3369811,
                                106531644516129
                            ],
                            "sub": []
                        }
                    ]
                },
                {
                    "stat": [
                        "doPostDesignResolutionToVir2Vcs",
                        "exit",
                        0.25294995307922363,
                        0.08201,
                        0.033027000000000001,
                        313700,
                        325140,
                        0.0,
                        0.0,
                        1698262838.337043,
                        106531644563745
                    ],
                    "sub": []
                },
                {
                    "stat": [
                        "doGAToPass2",
                        "entry",
                        0.25297188758850098,
                        0.082026000000000002,
                        0.033034000000000001,
                        313700,
                        325140,
                        0.0,
                        0.0,
                        1698262838.337065,
                        106531644598711
                    ],
                    "sub": [
                        {
                            "stat": [
                                "DoPass2",
                                "entry",
                                0.30189800262451172,
                                0.082643999999999995,
                                0.034296,
                                312144,
                                325140,
                                0.013847999999999999,
                                0.015970000000000002,
                                1698262838.3859911,
                                106531742353179
                            ],
                            "sub": []
                        },
                        {
                            "stat": [
                                "DoPass2",
                                "exit",
                                0.41688895225524902,
                                0.13133300000000001,
                                0.044141,
                                324040,
                                325140,
                                0.016383000000000002,
                                0.017245,
                                1698262838.500982,
                                106531971905381
                            ],
                            "sub": []
                        }
                    ]
                },
                {
                    "stat": [
                        "doGAToPass2",
                        "exit",
                        0.42186498641967773,
                        0.132409,
                        0.044171000000000002,
                        324040,
                        325140,
                        0.016383000000000002,
                        0.017245,
                        1698262838.5059581,
                        106531981839147
                    ],