{
    "ObjArchives": [
        {
            "archive": "archive.143/_45970_archive_1.a",
            "objects": [
                [
                    "amcQwB.o",
                    102466
                ]
            ],
            "size": 102466
        }
    ],
    "Modules": {
        "...MASTER...": {
            "start_perf": [
                0.31814694404602051,
                0.091711000000000001,
                0.038516000000000002,
                312144,
                325140,
                1698263673.4607999,
                108199198072459
            ],
            "nRouts": 5,
            "child_modules": {
                "uart2uart_tb": 1,
                "std": 1
            },
            "nMops": 0,
            "end_perf": [
                0.34224700927734375,
                0.092784000000000005,
                0.039751000000000002,
                313648,
                325140,
                108199246276413,
                0,
                0
            ],
            "nQuads": 0
        },
        "std": {
            "Compiled Times": 144,
            "start_perf": [
                0.34237909317016602,
                0.092876,
                0.039789999999999999,
                313648,
                325140,
                1698263673.4850321,
                108199246490427
            ],
            "Compiled": "Yes",
            "svclass": [
                "$vcs_nba_dyn_obj",
                0,
                35,
                2,
                2,
                0,
                0,
                "sigprop$$",
                0,
                35,
                2,
                2,
                0,
                0,
                "process",
                0,
                200,
                8,
                8,
                0,
                0,
                "event",
                0,
                34,
                2,
                2,
                0,
                0,
                "mailbox",
                0,
                140,
                9,
                9,
                0,
                0,
                "semaphore",
                0,
                84,
                5,
                5,
                0,
                0
            ],
            "nRouts": 33,
            "child_modules": {},
            "nMops": 528,
            "end_perf": [
                0.37531089782714844,
                0.098993999999999999,
                0.041473000000000003,
                313804,
                325140,
                108199312320002,
                0,
                0
            ],
            "num_classes": 6,
            "nQuads": 218
        },
        "uart2uart_tb": {
            "Compiled Times": 2,
            "Compiled": "Yes",
            "start_perf": [
                0.37540602684020996,
                0.099061999999999997,
                0.041501000000000003,
                313804,
                325140,
                1698263673.518059,
                108199312455080
            ],
            "nRouts": 214,
            "child_modules": {},
            "nMops": 4164,
            "end_perf": [
                0.41073989868164062,
                0.12767999999999999,
                0.043184,
                317020,
                325140,
                108199382998339,
                164766348331,
                0
            ],
            "nQuads": 1710
        }
    },
    "CompUnits": {},
    "stat": {
        "ru_self_end": {
            "ru_maxrss_kb": 126244,
            "ru_utime_sec": 0.13156000000000001,
            "ru_stime_sec": 0.044160999999999999,
            "ru_nvcsw": 415,
            "ru_minflt": 8670,
            "ru_majflt": 0,
            "ru_nivcsw": 18
        },
        "ru_childs_end": {
            "ru_maxrss_kb": 117364,
            "ru_utime_sec": 0.022211999999999999,
            "ru_stime_sec": 0.010484,
            "ru_nvcsw": 26,
            "ru_minflt": 3992,
            "ru_majflt": 0,
            "ru_nivcsw": 1
        },
        "cpu_cycles_end": 108199434261145,
        "peak_mem_kb": 325140
    },
    "reusePaths": {
        "rZ3my_d": {
            "icPath": "csrc"
        },
        "amcQw_d": {
            "icPath": "csrc"
        },
        "reYIK_d": {
            "icPath": "csrc"
        }
    }
}