{
    "Modules": {
        "counter_testbench": {
            "start_perf": [
                0.50731110572814941,
                0.139602,
                0.049325000000000001,
                313700,
                325036,
                1695179954.6498001,
                9839535525303412
            ],
            "child_modules": {},
            "nQuads": 563,
            "Compiled": "Yes",
            "nRouts": 54,
            "Compiled Times": 65,
            "end_perf": [
                0.52107501029968262,
                0.14761099999999999,
                0.051318999999999997,
                314632,
                325036,
                9839535565192398,
                484424770849915,
                0
            ],
            "nMops": 1193
        },
        "...MASTER...": {
            "start_perf": [
                0.43629908561706543,
                0.13228000000000001,
                0.043035999999999998,
                312040,
                325036,
                1695179954.578788,
                9839535319859355
            ],
            "child_modules": {
                "std": 1,
                "counter_testbench": 1
            },
            "end_perf": [
                0.4709320068359375,
                0.13391700000000001,
                0.045627000000000001,
                313544,
                325036,
                9839535420192047,
                0,
                0
            ],
            "nQuads": 0,
            "nMops": 0,
            "nRouts": 5
        },
        "std": {
            "start_perf": [
                0.47115111351013184,
                0.13408100000000001,
                0.045683000000000001,
                313544,
                325036,
                1695179954.6136401,
                9839535420764427
            ],
            "child_modules": {},
            "nQuads": 218,
            "Compiled": "Yes",
            "nRouts": 33,
            "Compiled Times": 65,
            "svclass": [
                "$vcs_nba_dyn_obj",
                0,
                35,
                2,
                2,
                0,
                0,
                "sigprop$$",
                0,
                35,
                2,
                2,
                0,
                0,
                "process",
                0,
                200,
                8,
                8,
                0,
                0,
                "event",
                0,
                34,
                2,
                2,
                0,
                0,
                "mailbox",
                0,
                140,
                9,
                9,
                0,
                0,
                "semaphore",
                0,
                84,
                5,
                5,
                0,
                0
            ],
            "end_perf": [
                0.50720810890197754,
                0.13952600000000001,
                0.049298000000000002,
                313700,
                325036,
                9839535525087554,
                0,
                0
            ],
            "num_classes": 6,
            "nMops": 528
        }
    },
    "CompUnits": {},
    "reusePaths": {
        "amcQw_d": {
            "icPath": "csrc"
        },
        "reYIK_d": {
            "icPath": "csrc"
        },
        "uuCq7_d": {
            "icPath": "csrc"
        }
    },
    "stat": {
        "cpu_cycles_end": 9839535660605019,
        "ru_self_end": {
            "ru_minflt": 8036,
            "ru_utime_sec": 0.15285799999999999,
            "ru_nivcsw": 63,
            "ru_stime_sec": 0.053411,
            "ru_maxrss_kb": 122804,
            "ru_nvcsw": 383,
            "ru_majflt": 0
        },
        "ru_childs_end": {
            "ru_minflt": 3993,
            "ru_utime_sec": 0.028063000000000001,
            "ru_nivcsw": 17,
            "ru_stime_sec": 0.022969,
            "ru_maxrss_kb": 116824,
            "ru_nvcsw": 33,
            "ru_majflt": 0
        },
        "peak_mem_kb": 325036
    },
    "ObjArchives": [
        {
            "archive": "archive.64/_1628032_archive_1.a",
            "objects": [
                [
                    "amcQwB.o",
                    102338
                ]
            ],
            "size": 102338
        }
    ]
}