{
    "reusePaths": {
        "amcQw_d": {
            "icPath": "csrc"
        },
        "reYIK_d": {
            "icPath": "csrc"
        },
        "DHWT6_d": {
            "icPath": "csrc"
        }
    },
    "Modules": {
        "...MASTER...": {
            "start_perf": [
                0.42558693885803223,
                0.22132199999999999,
                0.060637999999999997,
                313544,
                325864,
                1696002918.5717239,
                1996469303738231
            ],
            "child_modules": {
                "counter_tb": 1,
                "std": 1
            },
            "end_perf": [
                0.44476008415222168,
                0.223104,
                0.062835000000000002,
                314940,
                325864,
                1996469359173529,
                0,
                0
            ],
            "nRouts": 5,
            "nQuads": 0,
            "nMops": 0
        },
        "std": {
            "start_perf": [
                0.44492697715759277,
                0.22323599999999999,
                0.062871999999999997,
                314940,
                325864,
                1696002918.591064,
                1996469359594022
            ],
            "child_modules": {},
            "nRouts": 33,
            "Compiled": "Yes",
            "nQuads": 218,
            "Compiled Times": 117,
            "end_perf": [
                0.46353888511657715,
                0.22819999999999999,
                0.065568000000000001,
                314940,
                325864,
                1996469413699729,
                0,
                0
            ],
            "svclass": [
                "$vcs_nba_dyn_obj",
                0,
                35,
                2,
                2,
                0,
                0,
                "sigprop$$",
                0,
                35,
                2,
                2,
                0,
                0,
                "process",
                0,
                200,
                8,
                8,
                0,
                0,
                "event",
                0,
                34,
                2,
                2,
                0,
                0,
                "mailbox",
                0,
                140,
                9,
                9,
                0,
                0,
                "semaphore",
                0,
                84,
                5,
                5,
                0,
                0
            ],
            "num_classes": 6,
            "nMops": 528
        },
        "counter_tb": {
            "start_perf": [
                0.48909592628479004,
                0.240372,
                0.069321999999999995,
                318764,
                325864,
                1696002918.6352329,
                1996469487514588
            ],
            "child_modules": {
                "counter": 1
            },
            "nRouts": 631,
            "nQuads": 7561,
            "Compiled Times": 2,
            "Compiled": "Yes",
            "end_perf": [
                0.55772709846496582,
                0.30433900000000003,
                0.072142999999999999,
                318764,
                325864,
                1996469685970914,
                31970330449,
                0
            ],
            "nMops": 14857
        },
        "counter": {
            "start_perf": [
                0.46372890472412109,
                0.22819999999999999,
                0.065712000000000007,
                314940,
                325864,
                1696002918.6098659,
                1996469414059445
            ],
            "child_modules": {},
            "nRouts": 28,
            "nQuads": 351,
            "Compiled Times": 2,
            "Compiled": "Yes",
            "end_perf": [
                0.48897695541381836,
                0.24027799999999999,
                0.069294999999999995,
                318764,
                325864,
                1996469487144229,
                5304844224938400239,
                0
            ],
            "nMops": 1024
        }
    },
    "CompUnits": {
        "MQn6b_d": {
            "mod": "counter",
            "out": "MQn6b_d.o",
            "bytes": 13742,
            "archive": "archive.116/_709812_archive_1.a",
            "text": 4603,
            "mode": 4,
            "checksum": 0
        }
    },
    "stat": {
        "ru_self_end": {
            "ru_nvcsw": 424,
            "ru_majflt": 0,
            "ru_utime_sec": 0.30806299999999998,
            "ru_nivcsw": 143,
            "ru_stime_sec": 0.073533000000000001,
            "ru_maxrss_kb": 125956,
            "ru_minflt": 8760
        },
        "peak_mem_kb": 325864,
        "cpu_cycles_end": 1996469747839932,
        "ru_childs_end": {
            "ru_nvcsw": 22,
            "ru_majflt": 0,
            "ru_utime_sec": 0.025284000000000001,
            "ru_nivcsw": 16,
            "ru_stime_sec": 0.020535999999999999,
            "ru_maxrss_kb": 118596,
            "ru_minflt": 3993
        }
    },
    "ObjArchives": [
        {
            "archive": "archive.116/_709812_archive_1.a",
            "objects": [
                [
                    "MQn6b_d.o",
                    13742
                ],
                [
                    "amcQwB.o",
                    102426
                ]
            ],
            "size": 116168
        }
    ]
}